{
  "name": "Instamojo Android Integration",
  "changes": [
    {
      "name": "Add dependency for InstaMojo SDK",
      "fileSelector": ".+build.gradle$",
      "changeType": "fileEdit",
      "fileType": "gradle",
      "change": [
        {
          "changeType": "add.line",
          "line": "\ncompile 'ai.devsupport.instamojo:instamojolib:0.0.1'",
          "action": "append",
          "query": "compile 'com.android.support",
          "validations": [
            {
              "checkType": "negative",
              "query": "godel-release/godel"
            },
            {
              "checkType": "negative",
              "query": "instamojo:instamojolib"
            },
            {
              "checkType": "positive",
              "query": "compile 'com.android.support"
            }
          ]
        },
        {
          "changeType": "add.line",
          "line": "mavenCentral()\n    maven {\n        url \"https://s3-ap-southeast-1.amazonaws.com/godel-release/godel/\"\n    }",
          "action": "append",
          "query": "repositories[ \t]*{",
          "validations": [
            {
              "checkType": "positive",
              "query": "repositories"
            }
          ]
        },
        {
          "changeType": "add.line",
          "line": "repositories {\n    mavenCentral()\n    maven {\n        url \"https://s3-ap-southeast-1.amazonaws.com/godel-release/godel/\"\n    }\n}\n",
          "action": "prepend",
          "query": "dependencies[ \t]*{",
          "validations": [
            {
              "checkType": "negative",
              "query": "repositories"
            }
          ]
        }
      ],
      "validations": []
    },
    {
      "name": "Add key to AndroidManifest.xml",
      "fileSelector": ".+main[\\\\/]AndroidManifest.xml",
      "changeType": "fileEdit",
      "fileType": "xml",
      "change": [
        {
          "changeType": "add.line",
          "line": "<meta-data android:name=\"instamojo.orderauth.url\"\n                   android:value=\"{{=it.serverurl}}\"\n            />\n        <uses-permission android:name=\"android.permission.INTERNET\"/>",
          "action": "prepend",
          "query": "</application>"
        }
      ],
      "validations": [
        {
          "checkType": "negative",
          "query": "instamojo.orderauth.url"
        }
      ]
    },
    {
      "name": "Add functions to some Activity.java for Initiate Pay and Handle Response",
      "fileSelector": ".+Activity.java",
      "changeType": "fileEdit",
      "fileType": "java",
      "variables": [
        {
          "name": "serverurl",
          "label": "Server Url",
          "stage": 1,
          "description": "Server URL to generate hash",
          "help": "The url pointing to the script"
        }
      ],
      "change": [
        {
          "changeType": "add.line",
          "action": "append",
          "query": "{",
          "line": "private void callInstamojo(String email, String phone, String amount, String purpose, String buyername) {\n        Intent intent = new Intent(MainActivity.this, Instamojo.class);\n        intent.putExtra(\"email\", email);\n        intent.putExtra(\"phone\", phone);\n        intent.putExtra(\"purpose\", purpose);\n        intent.putExtra(\"amount\", amount);\n        intent.putExtra(\"name\", buyername);\n        startActivityForResult(intent, Config.INSTAMOJO);\n    }",
          "validations": [
            {
              "checkType": "negative",
              "query": "callInstamojo"
            }
          ]
        },
        {
          "changeType": "add.line",
          "action": "append",
          "query": "{",
          "line": "@Override\n    protected void onActivityResult(int requestCode, int resultCode, Intent data) {\n        switch (requestCode) {\n            case Config.INSTAMOJO:\n                switch (resultCode) {\n                    case Config.SUCCESS:\n                        Toast.makeText(getApplicationContext(), data.getStringExtra(\"response\"), Toast.LENGTH_LONG)\n                                .show();\n                        break;\n                    case Config.FAILED:\n                        Toast.makeText(getApplicationContext(), data.getStringExtra(\"response\"), Toast.LENGTH_LONG)\n                                .show();\n                        break;\n                    default:\n                        break;\n                }\n\n            default:\n                break;\n        }\n    }",
          "validations": [
            {
              "checkType": "negative",
              "query": "onActivityResult"
            }
          ]
        },
        {
          "changeType": "add.line",
          "action": "append",
          "query": "import",
          "line": "import instamojo.library.Config;\nimport instamojo.library.Instamojo;                        \nimport android.content.Intent;",
          "validations": [
            {
              "checkType": "negative",
              "query": "lazypay.app.Instamojo"
            }
          ]
        },
        {
          "changeType": "add.line",
          "action": "append",
          "query": "setContentView",
          "line": "// Call the function callInstamojo to start payment here",
          "validations": [
            {
              "checkType": "negative",
              "query": "Call the function callInstamojo"
            }
          ]
        }
      ],
      "validations": []
    }
  ]
}